{"initial_reset_timestamp": 1665228938.7296977, "timestamps": [1665229057.2457802], "episode_lengths": [1000], "episode_rewards": [-32.83582089552317], "episode_types": ["t"]}