{"initial_reset_timestamp": 1665175180.706049, "timestamps": [1665175290.0907354], "episode_lengths": [1000], "episode_rewards": [-89.1304347826077], "episode_types": ["t"]}