{"initial_reset_timestamp": 1665361144.1345894, "timestamps": [1665361722.8630824], "episode_lengths": [1000], "episode_rewards": [-86.30136986301267], "episode_types": ["t"]}