{"initial_reset_timestamp": 1665185222.4764628, "timestamps": [1665185324.6621194], "episode_lengths": [1000], "episode_rewards": [-52.2058823529416], "episode_types": ["t"]}