{"initial_reset_timestamp": 1665156655.5930767, "timestamps": [1665156677.4809995], "episode_lengths": [200], "episode_rewards": [-83.71578947368441], "episode_types": ["t"]}