{"initial_reset_timestamp": 1665085047.4636145, "timestamps": [1665085048.3103373], "episode_lengths": [10], "episode_rewards": [10.0], "episode_types": ["t"]}