{"initial_reset_timestamp": 1665366753.981243, "timestamps": [1665367346.3467412], "episode_lengths": [1000], "episode_rewards": [-83.55263157894687], "episode_types": ["t"]}