{"initial_reset_timestamp": 1665170887.0681615, "timestamps": [1665171002.1753552], "episode_lengths": [1000], "episode_rewards": [-89.76109215016986], "episode_types": ["t"]}