{"initial_reset_timestamp": 1665246706.448782, "timestamps": [1665246840.4574115], "episode_lengths": [1000], "episode_rewards": [-87.61609907120675], "episode_types": ["t"]}