{"initial_reset_timestamp": 1665262991.6309094, "timestamps": [1665263070.3947816], "episode_lengths": [1000], "episode_rewards": [-69.58174904942992], "episode_types": ["t"]}