{"initial_reset_timestamp": 1665118205.4272163, "timestamps": [1665118219.2596824], "episode_lengths": [200], "episode_rewards": [200.0], "episode_types": ["t"]}