{"initial_reset_timestamp": 1665261576.5448067, "timestamps": [1665261667.0401201], "episode_lengths": [1000], "episode_rewards": [-73.77049180327874], "episode_types": ["t"]}