{"initial_reset_timestamp": 1665262642.0131674, "timestamps": [1665262719.1955376], "episode_lengths": [1000], "episode_rewards": [-61.130742049470825], "episode_types": ["t"]}