{"initial_reset_timestamp": 1665164009.000059, "timestamps": [1665164087.3939936], "episode_lengths": [1000], "episode_rewards": [-48.1481481481487], "episode_types": ["t"]}