{"initial_reset_timestamp": 1665120286.4314494, "timestamps": [1665120300.5996723], "episode_lengths": [200], "episode_rewards": [200.0], "episode_types": ["t"]}