{"initial_reset_timestamp": 1665244052.6678355, "timestamps": [1665244184.57878], "episode_lengths": [1000], "episode_rewards": [-86.53198653198592], "episode_types": ["t"]}