{"initial_reset_timestamp": 1665159682.6758783, "timestamps": [1665159784.4520519], "episode_lengths": [1000], "episode_rewards": [-32.098765432099555], "episode_types": ["t"]}