{"initial_reset_timestamp": 1665238130.1510663, "timestamps": [1665238231.7651124], "episode_lengths": [1000], "episode_rewards": [-71.11913357400742], "episode_types": ["t"]}