{"initial_reset_timestamp": 1665174325.5805311, "timestamps": [1665174450.1006906], "episode_lengths": [1000], "episode_rewards": [-82.51748251748205], "episode_types": ["t"]}