{"initial_reset_timestamp": 1665158598.4883585, "timestamps": [1665158698.5772564], "episode_lengths": [1000], "episode_rewards": [-57.44680851063917], "episode_types": ["t"]}