{"initial_reset_timestamp": 1665237082.2652657, "timestamps": [1665237219.2100682], "episode_lengths": [1000], "episode_rewards": [-30.555555555556268], "episode_types": ["t"]}