{"initial_reset_timestamp": 1665186852.165592, "timestamps": [1665186961.5403163], "episode_lengths": [1000], "episode_rewards": [-72.88135593220348], "episode_types": ["t"]}