{"initial_reset_timestamp": 1665187066.647998, "timestamps": [1665187172.738263], "episode_lengths": [1000], "episode_rewards": [-53.94736842105319], "episode_types": ["t"]}