{"initial_reset_timestamp": 1665224198.617828, "timestamps": [1665224334.1958706], "episode_lengths": [1000], "episode_rewards": [-82.93515358361728], "episode_types": ["t"]}