{"initial_reset_timestamp": 1665119268.086375, "timestamps": [1665119281.967197], "episode_lengths": [200], "episode_rewards": [200.0], "episode_types": ["t"]}