{"initial_reset_timestamp": 1665263932.3889573, "timestamps": [1665264007.6474571], "episode_lengths": [1000], "episode_rewards": [-56.86274509804], "episode_types": ["t"]}