{"initial_reset_timestamp": 1665176662.9685566, "timestamps": [1665176788.1369872], "episode_lengths": [1000], "episode_rewards": [-81.68498168498128], "episode_types": ["t"]}