{"initial_reset_timestamp": 1665117076.6679847, "timestamps": [1665117078.092068], "episode_lengths": [18], "episode_rewards": [18.0], "episode_types": ["t"]}