{"initial_reset_timestamp": 1665355801.93626, "timestamps": [1665356368.958959], "episode_lengths": [1000], "episode_rewards": [-77.77777777777759], "episode_types": ["t"]}