{"initial_reset_timestamp": 1665163917.1015553, "timestamps": [1665164008.2015097], "episode_lengths": [1000], "episode_rewards": [-73.58490566037759], "episode_types": ["t"]}