{"initial_reset_timestamp": 1665228812.8795807, "timestamps": [1665228937.7373242], "episode_lengths": [1000], "episode_rewards": [-81.19122257053247], "episode_types": ["t"]}