{"initial_reset_timestamp": 1665186716.2187414, "timestamps": [1665186851.0059192], "episode_lengths": [1000], "episode_rewards": [-80.13245033112544], "episode_types": ["t"]}