{"return": [-61.685823754789794, -74.50424929178475, -74.91039426523295, -76.87861271676289, -80.26315789473655, -75.38461538461534, -72.13622291021692, -62.40601503759462, -68.75000000000033, -73.52941176470593, -72.30769230769242, -67.8714859437755, -66.77740863787434, -71.73144876325105, -70.14925373134352, -72.50859106529221, -71.96261682243009, -66.16541353383515, -73.59735973597364, -69.46564885496213, -68.96551724137963, -66.16541353383505, -71.92982456140363, -65.90909090909142, -68.12749003984099, -75.9450171821305, -72.88135593220348, -67.27272727272768, -75.7575757575757, -75.5351681957186, -70.49180327868878, -77.27272727272714, -65.11627906976796, -74.11003236245956, -74.27652733118971, -70.00000000000024, -72.04968944099394, -66.29213483146124, -62.68656716417964, -75.53516819571861, -72.31833910034617, -72.04968944099396, -67.27272727272768, -72.22222222222238, -73.68421052631585, -67.85714285714322, -68.1978798586576, -72.22222222222236, -75.3086419753086, -71.11913357400742], "max-time-step": [1000, 1000, 1000, 1000, 1000, 1000, 1000, 1000, 1000, 1000, 1000, 1000, 1000, 1000, 1000, 1000, 1000, 1000, 1000, 1000, 1000, 1000, 1000, 1000, 1000, 1000, 1000, 1000, 1000, 1000, 1000, 1000, 1000, 1000, 1000, 1000, 1000, 1000, 1000, 1000, 1000, 1000, 1000, 1000, 1000, 1000, 1000, 1000, 1000, 1000]}