{"return": [-78.5714285714285, -80.2631578947367, -79.3103448275861, -79.72972972972937, -79.0209790209789, -83.1649831649828, -80.13245033112565, -76.92307692307672, -78.26086956521712, -77.94117647058823, -77.69516728624536, -71.31147540983619, -79.4520547945203, -76.9230769230769, -78.49462365591367, -80.70739549839197, -77.69516728624508, -79.4520547945202, -79.31034482758604, -82.70893371757873, -78.4172661870502, -77.27272727272724, -81.65137614678852, -78.49462365591394, -79.2387543252592, -80.0664451827239, -78.10218978102182, -80.95238095238052, -79.4520547945202, -79.45205479452028, -77.85977859778596, -79.31034482758587, -80.76923076923056, -79.66101694915244, -82.2485207100589, -78.57142857142827, -80.3921568627449, -79.23875432525942, -76.47058823529393, -75.2650176678444, -76.43097643097632, -77.85977859778572, -77.77777777777752, -78.94736842105232, -80.32786885245879, -80.51948051948013, -78.72340425531884, -78.79858657243787, -79.72972972972961, -79.93311036789244], "max-time-step": [1000, 1000, 1000, 1000, 1000, 1000, 1000, 1000, 1000, 1000, 1000, 1000, 1000, 1000, 1000, 1000, 1000, 1000, 1000, 1000, 1000, 1000, 1000, 1000, 1000, 1000, 1000, 1000, 1000, 1000, 1000, 1000, 1000, 1000, 1000, 1000, 1000, 1000, 1000, 1000, 1000, 1000, 1000, 1000, 1000, 1000, 1000, 1000, 1000, 1000]}