{"return": [-77.35849056603764, -77.94117647058803, -82.01438848920822, -78.26086956521718, -81.65137614678869, -78.94736842105237, -83.60655737704869, -80.4560260586316, -79.93311036789271, -78.10218978102175, -79.52218430034107, -80.15873015872984, -78.723404255319, -84.2271293375389, -78.49462365591377, -75.6097560975609, -81.88405797101409, -78.49462365591383, -77.61194029850729, -79.93311036789267, -79.16666666666646, -76.09561752988044, -80.32786885245875, -78.64768683273998, -84.12698412698361, -82.08955223880561, -81.59509202453951, -82.33215547703136, -78.49462365591376, -82.81786941580712, -79.31034482758595, -77.7777777777776, -77.52808988764028, -83.3887043189364, -80.066445182724, -78.72340425531901, -79.72972972972946, -82.14285714285671, -80.13245033112553, -79.45205479452035, -81.48148148148114, -79.66101694915231, -79.094076655052, -79.45205479452034, -80.06644518272394, -77.09923664122131, -80.9523809523806, -84.84848484848429, -82.14285714285673, -79.66101694915227], "max-time-step": [1000, 1000, 1000, 1000, 1000, 1000, 1000, 1000, 1000, 1000, 1000, 1000, 1000, 1000, 1000, 1000, 1000, 1000, 1000, 1000, 1000, 1000, 1000, 1000, 1000, 1000, 1000, 1000, 1000, 1000, 1000, 1000, 1000, 1000, 1000, 1000, 1000, 1000, 1000, 1000, 1000, 1000, 1000, 1000, 1000, 1000, 1000, 1000, 1000, 1000]}