{"return": [-78.64768683273991, -80.13245033112545, -77.12418300653579, -78.33935018050514, -72.65625000000001, -80.06644518272388, -78.33935018050533, -78.79858657243788, -78.33935018050538, -81.4241486068107, -78.87323943661949, -79.16666666666639, -81.53846153846108, -79.6610169491522, -79.3103448275861, -79.02097902097876, -77.01149425287335, -80.83067092651739, -78.57142857142847, -76.10921501706473, -80.70739549839188, -78.57142857142847, -73.68421052631582, -78.94736842105232, -74.91039426523294, -79.72972972972961, -78.26086956521712, -80.15873015872998, -80.45602605863152, -83.10810810810773, -80.51948051948035, -79.2387543252592, -74.99999999999993, -80.64516129032219, -80.26315789473647, -79.99999999999962, -72.97297297297308, -80.32786885245861, -78.87323943661963, -81.13207547169769, -78.41726618705007, -79.09407665505195, -79.59183673469377, -76.10921501706473, -79.23875432525932, -79.45205479452042, -83.60655737704879, -78.26086956521736, -78.8732394366196, -79.86577181208018], "max-time-step": [1000, 1000, 1000, 1000, 1000, 1000, 1000, 1000, 1000, 1000, 1000, 1000, 1000, 1000, 1000, 1000, 1000, 1000, 1000, 1000, 1000, 1000, 1000, 1000, 1000, 1000, 1000, 1000, 1000, 1000, 1000, 1000, 1000, 1000, 1000, 1000, 1000, 1000, 1000, 1000, 1000, 1000, 1000, 1000, 1000, 1000, 1000, 1000, 1000, 1000]}