{"return": [-30.555555555556268, 17.449664429529392, -40.9594095940967, -38.311688311689075, -34.70790378006948, -34.545454545455314, -45.619335347432774, -36.87707641196045, -43.952802359882746, -41.17647058823599, -21.56862745098111, -32.038834951456984, 30.2816901408476, -39.92932862190891, -41.97952218430107, -27.631578947369167, -31.65467625899355, -39.84962406015114, -20.11834319526704, -46.488294314382, -38.223938223939015, -11.76470588235315, -16.666666666667414, -47.36842105263233, -32.58426966292201, -28.853754940712236, -2.173913043477967, -24.76489028213243, 16.788321167884384, -26.174496644295964, -18.819188191882617, -8.045977011494987, -35.8490566037743, -40.14084507042328, 8.108108108108885, -17.602996254682235, -22.807017543860304, -32.885906040269234, -40.00000000000076, -47.36842105263227, -3.44827586206947, -29.032258064516878, 6.617647058824073, -45.1612903225814, -33.59375000000076, -29.530201342282652, -31.372549019608567, -49.367088607595655, -22.535211267606236, -7.801418439717239], "max-time-step": [1000, 1000, 1000, 1000, 1000, 1000, 1000, 1000, 1000, 1000, 1000, 1000, 1000, 1000, 1000, 1000, 1000, 1000, 1000, 1000, 1000, 1000, 1000, 1000, 1000, 1000, 1000, 1000, 1000, 1000, 1000, 1000, 1000, 1000, 1000, 1000, 1000, 1000, 1000, 1000, 1000, 1000, 1000, 1000, 1000, 1000, 1000, 1000, 1000, 1000]}