{"return": [-86.53198653198592, -85.86572438162489, -83.92282958199314, -86.66666666666606, -76.0479041916163, -76.35135135135123, -82.578397212543, -71.73144876325121, -87.09677419354774, -83.55263157894676, -87.84194528875311, -83.44370860927091, -83.05084745762653, -82.51748251748195, -78.87323943661917, -83.92282958199293, -86.4406779661011, -78.79858657243786, -85.11904761904692, -79.72972972972937, -81.7518248175177, -85.91549295774591, -70.87378640776727, -86.97068403908732, -73.68421052631587, -87.61609907120675, -85.91549295774591, -82.39436619718252, -86.62207357859471, -79.52218430034085, -86.39455782312866, -83.05084745762652, -86.7549668874166, -83.22147651006651, -87.2611464968144, -78.99159663865507, -84.02555910543067, -69.07216494845412, -85.40145985401406, -81.68498168498115, -84.7094801223235, -80.15873015872974, -85.9154929577459, -86.20689655172355, -81.76291793313024, -87.01298701298616, -77.01149425287323, -84.89425981873043, -77.61194029850719, -80.54474708171159], "max-time-step": [1000, 1000, 1000, 1000, 1000, 1000, 1000, 1000, 1000, 1000, 1000, 1000, 1000, 1000, 1000, 1000, 1000, 1000, 1000, 1000, 1000, 1000, 1000, 1000, 1000, 1000, 1000, 1000, 1000, 1000, 1000, 1000, 1000, 1000, 1000, 1000, 1000, 1000, 1000, 1000, 1000, 1000, 1000, 1000, 1000, 1000, 1000, 1000, 1000, 1000]}