{"return": [-46.66666666666727, -35.25179856115127, -60.00000000000076, -51.00864553314196, -40.425531914894385, -54.98392282958282, -49.83277591973306, -65.517241379311, -67.65498652291159, -46.488294314381875, -65.40880503144706, -65.62500000000068, -55.932203389831265, -33.33333333333385, -32.584269662921976, -61.0778443113781, -68.39080459770146, -54.692556634305134, -52.898550724638355, -55.93220338983121, -50.17793594306113, -43.70860927152366, -65.07936507936574, -41.40625000000052, -49.685534591195804, -63.45514950166195, -38.848920863309814, -58.04195804195878, -52.0547945205487, -48.52941176470656, -59.10780669145066, -56.521739130435655, -54.225352112676724, -65.39792387543304, -48.3870967741941, -49.45848375451319, -62.71186440678024, -46.76806083650241, -66.88741721854358, -43.66197183098658, -60.14492753623268, -62.8378378378386, -57.597173144876926, -53.271028037383694, -37.062937062937586, -59.04436860068335, -67.74193548387137, -59.37500000000065, -59.183673469388644, -57.1865443425084], "max-time-step": [1000, 1000, 1000, 1000, 1000, 1000, 1000, 1000, 1000, 1000, 1000, 1000, 1000, 1000, 1000, 1000, 1000, 1000, 1000, 1000, 1000, 1000, 1000, 1000, 1000, 1000, 1000, 1000, 1000, 1000, 1000, 1000, 1000, 1000, 1000, 1000, 1000, 1000, 1000, 1000, 1000, 1000, 1000, 1000, 1000, 1000, 1000, 1000, 1000, 1000]}