{"return": [-81.92771084337298, -81.53846153846108, -81.65137614678852, -78.72340425531884, -80.19801980197975, -81.4126394052042, -81.94945848375416, -83.66013071895385, -82.26950354609892, -80.64516129032212, -80.19801980198, -83.81877022653677, -83.66013071895385, -80.83067092651733, -81.19122257053242, -84.17721518987295, -82.75862068965483, -82.81786941580717, -78.94736842105227, -81.24999999999973, -81.92771084337319, -82.55813953488317, -76.47058823529413, -83.05084745762674, -82.9931972789112, -77.94117647058803, -80.83067092651731, -83.22147651006668, -81.54981549815459, -82.39436619718279, -78.57142857142847, -81.07255520504711, -83.97435897435834, -78.18181818181783, -78.18181818181782, -82.35294117647025, -80.83067092651716, -83.1649831649828, -79.66101694915213, -81.2499999999995, -80.51948051948006, -78.87323943661934, -79.0940766550519, -77.27272727272718, -77.69516728624502, -78.02197802197787, -81.6176470588232, -80.76923076923056, -78.10218978102162, -81.19122257053247], "max-time-step": [1000, 1000, 1000, 1000, 1000, 1000, 1000, 1000, 1000, 1000, 1000, 1000, 1000, 1000, 1000, 1000, 1000, 1000, 1000, 1000, 1000, 1000, 1000, 1000, 1000, 1000, 1000, 1000, 1000, 1000, 1000, 1000, 1000, 1000, 1000, 1000, 1000, 1000, 1000, 1000, 1000, 1000, 1000, 1000, 1000, 1000, 1000, 1000, 1000, 1000]}