{"return": [-90.59561128526563, -89.28571428571354, -88.5057471264358, -88.54961832060998, -87.39495798319264, -91.42857142857055, -90.32258064516026, -91.71270718231955, -88.805970149253, -90.13157894736743, -90.0990099009893, -89.9665551839457, -89.93288590603947, -89.36170212765882, -89.61937716262898, -88.63636363636292, -90.44585987261064, -89.43661971830909, -89.61937716262898, -89.86486486486385, -90.0990099009893, -90.1639344262287, -88.84758364312168, -90.1639344262287, -90.62499999999916, -90.09900990098926, -88.63636363636292, -90.38461538461434, -90.1639344262287, -89.93288590603947, -89.54703832752537, -89.28571428571331, -90.74074074073991, -90.50632911392321, -90.82568807339365, -89.3238434163691, -91.15044247787503, -89.16967509025196, -90.88145896656451, -88.72180451127747, -89.36170212765882, -89.47368421052555, -90.62499999999916, -89.65517241379233, -90.59561128526539, -89.9999999999992, -89.86486486486407, -91.32947976878525, -89.28571428571354, -89.86486486486407], "max-time-step": [1000, 1000, 1000, 1000, 1000, 1000, 1000, 1000, 1000, 1000, 1000, 1000, 1000, 1000, 1000, 1000, 1000, 1000, 1000, 1000, 1000, 1000, 1000, 1000, 1000, 1000, 1000, 1000, 1000, 1000, 1000, 1000, 1000, 1000, 1000, 1000, 1000, 1000, 1000, 1000, 1000, 1000, 1000, 1000, 1000, 1000, 1000, 1000, 1000, 1000]}