{"return": [-82.93515358361728, -83.81877022653676, -82.26950354609887, -82.3943661971827, -83.16498316498269, -83.27759197324372, -82.93515358361728, -84.7560975609751, -82.9931972789111, -80.84291187739429, -83.66013071895375, -82.81786941580712, -81.0606060606057, -82.6589595375719, -85.02994011975991, -83.22147651006664, -82.45614035087678, -81.54981549815464, -85.42274052478076, -78.8135593220337, -84.52012383900875, -83.81877022653674, -86.33879781420704, -82.07885304659456, -83.8187702265367, -79.33884297520635, -81.4814814814811, -84.47204968944044, -81.81818181818143, -83.55263157894687, -81.61764705882315, -83.44370860927104, -83.55263157894692, -82.01438848920822, -81.48148148148117, -82.51748251748207, -83.66013071895375, -84.1269841269836, -85.38011695906374, -81.34328358208916, -81.75182481751784, -84.07643312101861, -82.45614035087675, -82.99319727891111, -84.07643312101857, -82.45614035087678, -82.75862068965472, -83.71335504885947, -80.84291187739434, -83.27759197324373], "max-time-step": [1000, 1000, 1000, 1000, 1000, 1000, 1000, 1000, 1000, 1000, 1000, 1000, 1000, 1000, 1000, 1000, 1000, 1000, 1000, 1000, 1000, 1000, 1000, 1000, 1000, 1000, 1000, 1000, 1000, 1000, 1000, 1000, 1000, 1000, 1000, 1000, 1000, 1000, 1000, 1000, 1000, 1000, 1000, 1000, 1000, 1000, 1000, 1000, 1000, 1000]}