{"initial_reset_timestamp": 1665242422.1953833, "timestamps": [1665242559.2511692], "episode_lengths": [1000], "episode_rewards": [-7.801418439717239], "episode_types": ["t"]}