{"initial_reset_timestamp": 1665160428.9735746, "timestamps": [1665160529.0581372], "episode_lengths": [1000], "episode_rewards": [-66.66666666666718], "episode_types": ["t"]}