{"initial_reset_timestamp": 1665188693.3252926, "timestamps": [1665188779.852222], "episode_lengths": [1000], "episode_rewards": [-66.44295302013484], "episode_types": ["t"]}