{"initial_reset_timestamp": 1665218478.6984684, "timestamps": [1665218628.0304227], "episode_lengths": [1000], "episode_rewards": [-84.37499999999945], "episode_types": ["t"]}