{"initial_reset_timestamp": 1665247525.0262768, "timestamps": [1665247653.9643438], "episode_lengths": [1000], "episode_rewards": [-79.52218430034112], "episode_types": ["t"]}