{"initial_reset_timestamp": 1665181578.4160337, "timestamps": [1665181725.9196687], "episode_lengths": [1000], "episode_rewards": [-54.38596491228127], "episode_types": ["t"]}