{"initial_reset_timestamp": 1665156678.9141161, "timestamps": [1665156780.9579787], "episode_lengths": [1000], "episode_rewards": [-64.85623003194969], "episode_types": ["t"]}