{"initial_reset_timestamp": 1665359839.4311616, "timestamps": [1665359914.4344018], "episode_lengths": [309], "episode_rewards": [-64.79339933993438], "episode_types": ["t"]}