{"initial_reset_timestamp": 1665241135.322936, "timestamps": [1665241278.7367394], "episode_lengths": [1000], "episode_rewards": [-90.09900990098926], "episode_types": ["t"]}