{"initial_reset_timestamp": 1665085188.1806655, "timestamps": [1665085188.9929488], "episode_lengths": [10], "episode_rewards": [10.0], "episode_types": ["t"]}