{"initial_reset_timestamp": 1665223971.11328, "timestamps": [1665224098.6069934], "episode_lengths": [1000], "episode_rewards": [-81.92771084337298], "episode_types": ["t"]}