{"initial_reset_timestamp": 1665166663.125883, "timestamps": [1665166740.4112031], "episode_lengths": [1000], "episode_rewards": [-49.664429530202064], "episode_types": ["t"]}