{"initial_reset_timestamp": 1665179023.6185155, "timestamps": [1665179138.2637906], "episode_lengths": [1000], "episode_rewards": [-58.17490494296661], "episode_types": ["t"]}