{"initial_reset_timestamp": 1665079125.2268612, "timestamps": [1665079133.0852468], "episode_lengths": [118], "episode_rewards": [118.0], "episode_types": ["t"]}