{"initial_reset_timestamp": 1665236317.8427925, "timestamps": [1665236423.218177], "episode_lengths": [1000], "episode_rewards": [-75.9450171821305], "episode_types": ["t"]}