{"initial_reset_timestamp": 1665166352.5646174, "timestamps": [1665166443.1807203], "episode_lengths": [1000], "episode_rewards": [-80.89171974522252], "episode_types": ["t"]}