{"initial_reset_timestamp": 1665249918.8549864, "timestamps": [1665250038.0892472], "episode_lengths": [1000], "episode_rewards": [-80.0664451827239], "episode_types": ["t"]}