{"initial_reset_timestamp": 1665181728.4477985, "timestamps": [1665181860.4433925], "episode_lengths": [1000], "episode_rewards": [-80.26315789473665], "episode_types": ["t"]}