{"initial_reset_timestamp": 1665172782.2462862, "timestamps": [1665172869.1408343], "episode_lengths": [1000], "episode_rewards": [-60.144927536232515], "episode_types": ["t"]}