{"initial_reset_timestamp": 1665238232.889169, "timestamps": [1665238377.9960654], "episode_lengths": [1000], "episode_rewards": [-90.59561128526563], "episode_types": ["t"]}