{"initial_reset_timestamp": 1665174233.8446627, "timestamps": [1665174322.2189858], "episode_lengths": [1000], "episode_rewards": [-63.08724832214839], "episode_types": ["t"]}