{"initial_reset_timestamp": 1665242560.285929, "timestamps": [1665242686.6243463], "episode_lengths": [1000], "episode_rewards": [-84.07643312101858], "episode_types": ["t"]}