{"initial_reset_timestamp": 1665162261.8324614, "timestamps": [1665162355.2752295], "episode_lengths": [1000], "episode_rewards": [-77.12418300653573], "episode_types": ["t"]}