{"initial_reset_timestamp": 1665370046.047338, "timestamps": [1665370302.5858781], "episode_lengths": [1000], "episode_rewards": [-83.38870431893638], "episode_types": ["t"]}