{"initial_reset_timestamp": 1665229546.9349482, "timestamps": [1665229671.586356], "episode_lengths": [1000], "episode_rewards": [-78.64768683273991], "episode_types": ["t"]}