{"initial_reset_timestamp": 1665245089.0947928, "timestamps": [1665245214.8422642], "episode_lengths": [1000], "episode_rewards": [-79.99999999999969], "episode_types": ["t"]}