{"return": [-77.77777777777759, -57.52895752895835, -81.8181818181814, -90.41533546325796, -76.51006711409315, -42.89807073954764, 46.15384615384978, -70.47970479704779, -62.14511041009528, -83.81877022653669], "max-time-step": [1000, 1000, 1000, 1000, 1000, 684, 1000, 1000, 1000, 1000]}