{"return": [-86.30136986301267, -84.27672955974789, -5.9233449477361955, -81.41263940520406, -68.87159533073965, -70.9090909090914, -48.05194805194879, -28.80258899676446, -79.09407665505181, -76.43097643097595], "max-time-step": [1000, 1000, 1000, 1000, 1000, 1000, 1000, 1000, 1000, 1000]}