{"initial_reset_timestamp": 1665221215.9331386, "timestamps": [1665221356.7492874], "episode_lengths": [1000], "episode_rewards": [-60.26490066225254], "episode_types": ["t"]}