{"initial_reset_timestamp": 1665178898.6304536, "timestamps": [1665179022.3965714], "episode_lengths": [1000], "episode_rewards": [-85.13011152416297], "episode_types": ["t"]}