{"initial_reset_timestamp": 1665231968.7785802, "timestamps": [1665232095.4712524], "episode_lengths": [1000], "episode_rewards": [-79.72972972972961], "episode_types": ["t"]}