{"initial_reset_timestamp": 1665164713.7636266, "timestamps": [1665164806.01006], "episode_lengths": [1000], "episode_rewards": [-83.71335504885953], "episode_types": ["t"]}