{"initial_reset_timestamp": 1665249389.1812358, "timestamps": [1665249510.4662938], "episode_lengths": [1000], "episode_rewards": [-77.35849056603764], "episode_types": ["t"]}