{"initial_reset_timestamp": 1665190143.925118, "timestamps": [1665190230.4952688], "episode_lengths": [1000], "episode_rewards": [-62.82527881040948], "episode_types": ["t"]}