{"initial_reset_timestamp": 1665171264.8440535, "timestamps": [1665171359.243505], "episode_lengths": [1000], "episode_rewards": [-59.183673469388545], "episode_types": ["t"]}