{"initial_reset_timestamp": 1665358511.7607117, "timestamps": [1665358913.6708956], "episode_lengths": [684], "episode_rewards": [-42.89807073954764], "episode_types": ["t"]}