{"initial_reset_timestamp": 1665221226.7292197, "timestamps": [1665221373.5635216], "episode_lengths": [1000], "episode_rewards": [-63.45514950166195], "episode_types": ["t"]}