{"initial_reset_timestamp": 1665233374.7839212, "timestamps": [1665233494.1411185], "episode_lengths": [1000], "episode_rewards": [-16.376306620209235], "episode_types": ["t"]}