{"initial_reset_timestamp": 1665176064.1207666, "timestamps": [1665176214.4841213], "episode_lengths": [1000], "episode_rewards": [-70.03745318352094], "episode_types": ["t"]}