{"initial_reset_timestamp": 1665234414.7434158, "timestamps": [1665234518.904448], "episode_lengths": [1000], "episode_rewards": [-61.685823754789794], "episode_types": ["t"]}