{"initial_reset_timestamp": 1665183186.4018037, "timestamps": [1665183300.9093158], "episode_lengths": [1000], "episode_rewards": [-72.44094488188985], "episode_types": ["t"]}