{"initial_reset_timestamp": 1665173098.2422855, "timestamps": [1665173212.6480584], "episode_lengths": [1000], "episode_rewards": [-90.06622516556212], "episode_types": ["t"]}