{"initial_reset_timestamp": 1665264320.1843307, "timestamps": [1665264399.7228699], "episode_lengths": [1000], "episode_rewards": [-62.8252788104096], "episode_types": ["t"]}