{"return": [-84.07643312101858, -82.69896193771581, -80.58252427184424, -78.79858657243804, -79.72972972972961, -79.86577181208031, -83.44370860927103, -83.33333333333296, -79.4520547945202, -79.23875432525942, -84.02555910543077, -82.4046920821111, -78.02197802197773, -80.26315789473647, -82.35294117647031, -80.11363636363608, -78.8732394366196, -78.18181818181817, -81.48148148148097, -82.39436619718272, -77.69516728624535, -81.19122257053249, -72.22222222222203, -77.44360902255642, -80.69498069498034, -79.99999999999969, -77.61194029850746, -79.52218430034112, -82.51748251748208, -81.92771084337319, -77.77777777777764, -80.8429118773943, -81.87311178247688, -79.02097902097894, -79.45205479452044, -78.1021897810218, -76.74418604651169, -83.60655737704879, -81.19122257053253, -81.01265822784785, -80.39215686274494, -80.51948051948013, -82.30088495575188, -81.4814814814811, -81.36645962732892, -78.26086956521729, -78.1818181818181, -78.49462365591394, -82.93515358361715, -79.52218430034112], "max-time-step": [1000, 1000, 1000, 1000, 1000, 1000, 1000, 1000, 1000, 1000, 1000, 1000, 1000, 1000, 1000, 1000, 1000, 1000, 1000, 1000, 1000, 1000, 1000, 1000, 1000, 1000, 1000, 1000, 1000, 1000, 1000, 1000, 1000, 1000, 1000, 1000, 1000, 1000, 1000, 1000, 1000, 1000, 1000, 1000, 1000, 1000, 1000, 1000, 1000, 1000]}