{"return": [-84.37499999999945, -82.7586206896547, -82.33215547703135, -73.58490566037739, -83.44370860927101, -83.44370860927101, -57.51633986928185, -83.44370860927101, -56.228956228957095, -83.38870431893638, -78.18181818181796, -77.34627831715193, -81.68498168498128, -82.20640569394973, -82.45614035087674, -56.83453237410141, -82.26950354609885, -76.35135135135133, -83.22147651006662, -76.89768976897676, -74.28571428571449, -80.51948051948018, -84.02555910543077, -65.39792387543328, -83.22147651006661, -60.26490066225254, -81.94945848375409, -83.71335504885941, -69.17808219178131, -80.62015503875934, -83.38870431893638, -79.83870967741903, -75.43859649122811, -88.4057971014485, -85.07462686567105, -81.98198198198156, -75.0000000000001, -73.15436241610746, -80.84291187739427, -81.54981549815457, -82.33215547703135, -82.99319727891108, -83.60655737704866, -73.07692307692314, -65.51724137931026, -82.20640569394973, -84.17721518987287, -82.93515358361726, -57.19844357976722, -82.93515358361726], "max-time-step": [1000, 1000, 1000, 1000, 1000, 1000, 1000, 1000, 1000, 1000, 1000, 1000, 1000, 1000, 1000, 1000, 1000, 1000, 1000, 1000, 1000, 1000, 1000, 1000, 1000, 1000, 1000, 1000, 1000, 1000, 1000, 1000, 1000, 1000, 1000, 1000, 1000, 1000, 1000, 1000, 1000, 1000, 1000, 1000, 1000, 1000, 1000, 1000, 1000, 1000]}