{"return": [-32.83582089552317, -37.106918238993906, -44.852941176471326, -40.74074074074129, -39.716312056738126, -53.846153846154195, -21.31147540983592, -38.110749185667956, -48.328267477203916, -6.367041198502575, -51.55709342560592, -37.00787401574846, -33.566433566434114, -46.84385382059842, -46.843853820598426, -39.59731543624218, -49.526813880126525, -41.37931034482789, -51.51515151515197, -29.765886287625907, -45.05494505494568, -35.849056603774365, -49.68553459119531, -30.232558139534824, -42.492012779552994, -44.26229508196763, -38.69731800766345, -38.18181818181833, -37.743190661479176, -37.254901960784835, -45.94594594594623, -37.25490196078462, -28.571428571428495, -46.127946127946586, -42.95302013422844, 2.661596958174269, -19.732441471571835, -48.630136986301764, -34.70790378006898, -23.61111111111176, -24.73118279569921, -40.97222222222274, -49.04458598726175, -37.9310344827589, -26.66666666666708, -30.90909090909115, -23.664122137405254, -37.93103448275913, -50.15576323987574, -16.376306620209235], "max-time-step": [1000, 1000, 1000, 1000, 1000, 1000, 1000, 1000, 1000, 1000, 1000, 1000, 1000, 1000, 1000, 1000, 1000, 1000, 1000, 1000, 1000, 1000, 1000, 1000, 1000, 1000, 1000, 1000, 1000, 1000, 1000, 1000, 1000, 1000, 1000, 1000, 1000, 1000, 1000, 1000, 1000, 1000, 1000, 1000, 1000, 1000, 1000, 1000, 1000, 1000]}