{"return": [-71.73144876325102, -72.8096676737162, -70.00000000000038, -66.21621621621668, -66.91176470588279, -68.30985915492994, -71.96261682243005, -65.38461538461588, -69.79865771812109, -68.0511182108631, -72.64437689969616, -62.54681647940129, -69.69696969696996, -68.42105263157933, -69.38775510204113, -72.02797202797215, -71.60883280757125, -73.5099337748345, -66.91176470588279, -68.35443037974719, -70.501474926254, -68.30985915492992, -71.11913357400742, -65.63573883161567, -74.35897435897435, -71.83098591549313, -66.88741721854358, -76.10921501706476, -64.14342629482128, -70.77922077922108, -72.41379310344843, -74.82014388489208, -70.09966777408664, -64.28571428571483, -71.4285714285716, -67.5090252707585, -74.27652733118975, -73.94136807817593, -70.29702970297063, -75.2650176678445, -64.28571428571485, -76.82119205298001, -73.50993377483451, -70.3947368421055, -70.29702970297059, -66.03773584905709, -63.455149501661765, -67.03296703296746, -76.51006711409386, -73.52941176470601], "max-time-step": [1000, 1000, 1000, 1000, 1000, 1000, 1000, 1000, 1000, 1000, 1000, 1000, 1000, 1000, 1000, 1000, 1000, 1000, 1000, 1000, 1000, 1000, 1000, 1000, 1000, 1000, 1000, 1000, 1000, 1000, 1000, 1000, 1000, 1000, 1000, 1000, 1000, 1000, 1000, 1000, 1000, 1000, 1000, 1000, 1000, 1000, 1000, 1000, 1000, 1000]}