{"return": [-58.015267175573236, -61.661341853036, -53.90070921985902, -56.521739130435655, -64.51612903225889, -57.14285714285801, -51.5570934256063, -65.98639455782376, -53.66795366795441, -52.56916996047512, -62.145110410095484, -54.545454545455364, -52.38095238095313, -62.26415094339701, -49.79079497908024, -57.928802588997655, -56.375838926175334, -61.29032258064611, -57.09570957095788, -60.43165467625982, -61.07784431137816, -58.80149812734159, -60.91205211726468, -51.31086142322178, -61.67247386759665, -61.130742049470825, -60.431654676259804, -53.12500000000083, -57.09570957095795, -60.992907801419314, -63.934426229509086, -55.71955719557275, -55.88235294117729, -61.03896103896189, -58.598726114650525, -63.21070234113801, -57.89473684210619, -62.06896551724227, -55.88235294117727, -54.545454545455385, -60.264900662252565, -63.81578947368505, -45.37815126050487, -58.33333333333415, -55.17241379310426, -53.405017921147774, -48.90510948905195, -60.85409252669127, -49.6402877697849, -56.86274509804], "max-time-step": [1000, 1000, 1000, 1000, 1000, 1000, 1000, 1000, 1000, 1000, 1000, 1000, 1000, 1000, 1000, 1000, 1000, 1000, 1000, 1000, 1000, 1000, 1000, 1000, 1000, 1000, 1000, 1000, 1000, 1000, 1000, 1000, 1000, 1000, 1000, 1000, 1000, 1000, 1000, 1000, 1000, 1000, 1000, 1000, 1000, 1000, 1000, 1000, 1000, 1000]}