{"return": [-73.77049180327874, -67.15328467153337, -65.7534246575349, -68.19787985865769, -72.41379310344843, -66.77740863787436, -72.22222222222238, -68.96551724137971, -73.24414715719082, -72.6962457337886, -69.89966555183973, -69.59459459459494, -72.6027397260275, -77.4919614147909, -75.69444444444439, -71.42857142857169, -62.34309623431031, -71.15384615384643, -68.7500000000005, -72.41379310344851, -72.12543554006993, -65.75342465753488, -72.136222910217, -69.23076923076952, -66.29213483146123, -69.58174904942992, -71.6312056737591, -70.14925373134358, -75.60975609756096, -71.32616487455222, -68.75000000000048, -71.06109324758867, -71.42857142857162, -66.29213483146121, -73.33333333333339, -70.09966777408675, -62.406015037594784, -70.39473684210556, -71.01449275362337, -72.78911564625864, -75.6944444444444, -72.22222222222241, -69.34865900383181, -73.24414715719075, -71.73144876325115, -77.27272727272712, -67.15328467153331, -74.02597402597405, -73.50993377483461, -62.8252788104096], "max-time-step": [1000, 1000, 1000, 1000, 1000, 1000, 1000, 1000, 1000, 1000, 1000, 1000, 1000, 1000, 1000, 1000, 1000, 1000, 1000, 1000, 1000, 1000, 1000, 1000, 1000, 1000, 1000, 1000, 1000, 1000, 1000, 1000, 1000, 1000, 1000, 1000, 1000, 1000, 1000, 1000, 1000, 1000, 1000, 1000, 1000, 1000, 1000, 1000, 1000, 1000]}