{"initial_reset_timestamp": 1665190692.1890972, "timestamps": [1665190796.3814447], "episode_lengths": [1000], "episode_rewards": [-64.28571428571487], "episode_types": ["t"]}