{"initial_reset_timestamp": 1665218308.0873299, "timestamps": [1665218456.5095162], "episode_lengths": [1000], "episode_rewards": [-46.66666666666727], "episode_types": ["t"]}