{"initial_reset_timestamp": 1665224051.2882226, "timestamps": [1665224196.7864802], "episode_lengths": [1000], "episode_rewards": [-57.1865443425084], "episode_types": ["t"]}