{"initial_reset_timestamp": 1665235275.632711, "timestamps": [1665235373.4698057], "episode_lengths": [1000], "episode_rewards": [-71.83098591549313], "episode_types": ["t"]}