{"initial_reset_timestamp": 1665078261.0889254, "timestamps": [1665078263.6724553], "episode_lengths": [9], "episode_rewards": [9.0], "episode_types": ["t"]}