{"initial_reset_timestamp": 1665080144.2509232, "timestamps": [1665080149.9748573], "episode_lengths": [72], "episode_rewards": [72.0], "episode_types": ["t"]}