{"initial_reset_timestamp": 1665363941.6572955, "timestamps": [1665364536.4107802], "episode_lengths": [1000], "episode_rewards": [-70.9090909090914], "episode_types": ["t"]}