{"initial_reset_timestamp": 1665160529.9288743, "timestamps": [1665160624.4263637], "episode_lengths": [1000], "episode_rewards": [-76.401179941003], "episode_types": ["t"]}