{"initial_reset_timestamp": 1665261277.942255, "timestamps": [1665261361.8467398], "episode_lengths": [1000], "episode_rewards": [-58.015267175573236], "episode_types": ["t"]}