{"return": [-70.03745318352094, -83.22147651006661, -76.19047619047618, -80.7692307692304, -78.26086956521716, -62.71186440678052, -71.11913357400739, -71.51898734177239, -61.937716262976394, -73.38403041825077, -81.8181818181814, -73.78277153558054, -62.711864406780215, -73.77049180327876, -74.7634069400631, -73.94136807817574, -68.15286624203858, -73.77049180327876, -79.99999999999973, -83.92282958199304, -67.63754045307482, -81.24999999999966, -68.75000000000048, -70.90909090909109, -83.81877022653669, -62.8252788104095, -73.88059701492541, -65.18987341772213, -57.65472312703656, -57.792207792208586, -71.1191335740074, -70.8029197080295, -72.12543554006984, -76.47058823529399, -66.66666666666727, -75.86206896551727, -54.69255663430474, -76.19047619047609, -59.40959409594174, -75.86206896551722, -70.58823529411785, -70.39473684210557, -74.52229299363063, -77.61194029850687, -69.8113207547174, -67.83625730994201, -70.87378640776734, -56.36363636363713, -57.37704918032867, -54.38596491228127], "max-time-step": [1000, 1000, 1000, 1000, 1000, 1000, 1000, 1000, 1000, 1000, 1000, 1000, 1000, 1000, 1000, 1000, 1000, 1000, 1000, 1000, 1000, 1000, 1000, 1000, 1000, 1000, 1000, 1000, 1000, 1000, 1000, 1000, 1000, 1000, 1000, 1000, 1000, 1000, 1000, 1000, 1000, 1000, 1000, 1000, 1000, 1000, 1000, 1000, 1000, 1000]}