{"return": [-82.57839721254324, -78.57142857142827, -79.79797979797944, -82.5174825174822, -78.94736842105232, -79.99999999999962, -79.99999999999963, -79.38144329896872, -77.3584905660375, -79.31034482758587, -81.81818181818136, -81.53846153846108, -81.75182481751798, -80.89171974522252, -83.05084745762659, -78.87323943661941, -80.64516129032219, -81.92771084337302, -78.57142857142827, -80.95238095238052, -78.64768683274009, -81.27340823970013, -77.77777777777753, -84.177215189873, -78.79858657243786, -83.71335504885953, -80.64516129032218, -80.9885931558933, -77.6119402985072, -78.33935018050514, -80.06644518272388, -75.80645161290307, -77.8597785977857, -83.38870431893649, -76.09561752988058, -82.30088495575173, -78.6476868327399, -77.18631178707201, -80.64516129032219, -83.922829581993, -77.8597785977857, -81.36645962732875, -81.53846153846108, -77.35849056603747, -78.57142857142827, -78.49462365591368, -80.26315789473647, -79.0209790209787, -81.13207547169787, -80.89171974522252], "max-time-step": [1000, 1000, 1000, 1000, 1000, 1000, 1000, 1000, 1000, 1000, 1000, 1000, 1000, 1000, 1000, 1000, 1000, 1000, 1000, 1000, 1000, 1000, 1000, 1000, 1000, 1000, 1000, 1000, 1000, 1000, 1000, 1000, 1000, 1000, 1000, 1000, 1000, 1000, 1000, 1000, 1000, 1000, 1000, 1000, 1000, 1000, 1000, 1000, 1000, 1000]}