{"return": [-59.183673469388545, -60.48632218845072, -52.38095238095313, -58.90410958904177, -49.458483754513324, -54.71698113207612, -63.333333333334, -52.72727272727347, -48.71794871794938, -56.2043795620445, -58.3333333333339, -54.54545454545522, -56.37583892617529, -62.71186440678045, -53.94736842105334, -62.26415094339697, -55.631399317406895, -49.21875000000072, -52.56916996047504, -61.038961038961865, -57.23684210526388, -58.33333333333417, -64.51612903225873, -57.83132530120565, -63.576158940398166, -60.144927536232515, -55.32646048110034, -56.375838926175305, -43.08943089430961, -48.339483394834616, -51.31086142322165, -56.11285266457754, -60.84337349397673, -60.00000000000078, -54.86111111111187, -48.20717131474167, -63.63636363636427, -56.67870036101158, -60.39603960396119, -45.94594594594662, -63.3027522935788, -53.642384105961035, -46.969696969697594, -54.86111111111181, -55.78231292517083, -58.59872611465046, -65.03496503496571, -60.39603960396119, -60.39603960396125, -63.08724832214839], "max-time-step": [1000, 1000, 1000, 1000, 1000, 1000, 1000, 1000, 1000, 1000, 1000, 1000, 1000, 1000, 1000, 1000, 1000, 1000, 1000, 1000, 1000, 1000, 1000, 1000, 1000, 1000, 1000, 1000, 1000, 1000, 1000, 1000, 1000, 1000, 1000, 1000, 1000, 1000, 1000, 1000, 1000, 1000, 1000, 1000, 1000, 1000, 1000, 1000, 1000, 1000]}