{"return": [-48.1481481481487, -55.64516129032304, -56.834532374101386, -43.18181818181867, -62.71186440678027, -56.521739130435485, -58.466453674122086, -62.825278810409486, -52.07667731629447, -58.19935691318395, -47.761194029851296, -58.18815331010513, -53.23741007194292, -57.36434108527179, -55.271565495208336, -55.93220338983115, -63.93442622950878, -60.14492753623241, -53.177257525084144, -54.545454545455, -32.270916334661734, -52.380952380952735, -68.53146853146886, -61.16504854369011, -40.766550522648814, -63.525835866262206, -55.479452054795296, -46.04316546762627, -50.92024539877367, -56.69291338582724, -56.6666666666672, -64.91228070175501, -38.77551020408226, -58.76288659793868, -64.66431095406416, -53.736654804271026, -55.555555555556, -65.63573883161561, -58.33333333333385, -57.57575757575825, -63.21070234113768, -54.19847328244331, -21.14695340501811, -65.1567944250877, -56.810631229236556, -51.92307692307744, -54.70383275261365, -65.40880503144722, -58.80149812734136, -49.664429530202064], "max-time-step": [1000, 1000, 1000, 1000, 1000, 1000, 1000, 1000, 1000, 1000, 1000, 1000, 1000, 1000, 1000, 1000, 1000, 1000, 1000, 1000, 1000, 1000, 1000, 1000, 1000, 1000, 1000, 1000, 1000, 1000, 1000, 1000, 1000, 1000, 1000, 1000, 1000, 1000, 1000, 1000, 1000, 1000, 1000, 1000, 1000, 1000, 1000, 1000, 1000, 1000]}