{"return": [-84.17721518987288, -86.71096345514864, -82.69896193771562, -85.45454545454484, -79.09407665505199, -84.07643312101862, -87.8048780487798, -84.32601880877688, -78.49462365591374, -80.95238095238071, -82.93515358361732, -87.17948717948647, -82.07885304659462, -77.34627831715186, -82.26950354609865, -87.30158730158664, -82.3943661971827, -84.56790123456739, -84.47204968944033, -87.91540785498415, -78.18181818181777, -78.41726618704993, -86.3013698630131, -81.81818181818142, -86.48648648648565, -79.79797979797961, -80.51948051948023, -82.69896193771586, -81.41263940520413, -81.92771084337309, -79.72972972972948, -86.57718120805302, -87.09677419354774, -82.87671232876671, -81.88405797101387, -86.97068403908726, -78.57142857142836, -82.08955223880561, -76.1092150170648, -75.77854671280276, -82.33215547703142, -78.1021897810217, -79.79797979797942, -80.23715415019736, -81.36645962732887, -82.63888888888849, -83.33333333333283, -79.86577181208024, -86.15916955017236, -83.33333333333283], "max-time-step": [1000, 1000, 1000, 1000, 1000, 1000, 1000, 1000, 1000, 1000, 1000, 1000, 1000, 1000, 1000, 1000, 1000, 1000, 1000, 1000, 1000, 1000, 1000, 1000, 1000, 1000, 1000, 1000, 1000, 1000, 1000, 1000, 1000, 1000, 1000, 1000, 1000, 1000, 1000, 1000, 1000, 1000, 1000, 1000, 1000, 1000, 1000, 1000, 1000, 1000]}