{"return": [-58.17490494296661, -80.31496062992092, -68.87159533073957, -67.03296703296745, -70.49180327868818, -63.50364963503735, -64.05228758170021, -40.71146245059317, -81.8181818181814, -80.2371541501973, -84.61538461538404, -65.03496503496555, -35.018050541516466, -84.75609756097504, -75.52447552447556, -72.69624573378809, -71.19341563786026, -66.29213483146108, -83.71335504885941, -60.00000000000085, -82.26950354609885, -78.65853658536562, -84.56790123456733, -73.15436241610746, -77.49196141479092, -73.15436241610743, -79.52218430034101, -77.0491803278688, -79.66101694915224, -72.80966767371542, -74.45255474452534, -80.26315789473651, -55.88235294117724, -75.86206896551727, -62.73291925465896, -72.30769230769249, -79.66101694915226, -79.99999999999967, -73.59735973597364, -68.55345911949716, -80.19801980197992, -65.98639455782386, -69.38775510204124, -82.26950354609885, -45.65217391304426, -68.65203761755525, -54.86111111111191, -64.00000000000075, -80.13245033112555, -72.44094488188985], "max-time-step": [1000, 1000, 1000, 1000, 1000, 1000, 1000, 1000, 1000, 1000, 1000, 1000, 1000, 1000, 1000, 1000, 1000, 1000, 1000, 1000, 1000, 1000, 1000, 1000, 1000, 1000, 1000, 1000, 1000, 1000, 1000, 1000, 1000, 1000, 1000, 1000, 1000, 1000, 1000, 1000, 1000, 1000, 1000, 1000, 1000, 1000, 1000, 1000, 1000, 1000]}