{"return": [-89.76109215016986, -90.09900990098906, -89.58333333333256, -89.3238434163691, -87.99999999999903, -88.76404494381923, -86.48648648648557, -90.6542056074758, -88.84758364312195, -90.32258064516026, -89.65517241379207, -89.09090909090808, -89.24731182795624, -91.27906976744099, -89.3617021276586, -90.0332225913611, -91.15044247787525, -89.76109215016962, -89.39929328621832, -88.04780876493956, -89.61937716262875, -89.43661971830909, -89.65517241379233, -89.24731182795598, -90.13157894736739, -90.06622516556212, -90.53627760252283, -90.90909090908984, -89.36170212765872, -89.76109215016962, -88.46153846153776, -88.805970149253, -88.23529411764636, -89.01098901098827, -90.59561128526563, -89.16967509025172, -90.06622516556212, -89.5104895104885, -89.61937716262875, -89.69072164948376, -87.90322580645093, -89.76109215016986, -90.59561128526539, -88.04780876493928, -90.1960784313715, -90.35369774919532, -90.56603773584823, -89.83050847457524, -88.14229249011788, -89.1304347826077], "max-time-step": [1000, 1000, 1000, 1000, 1000, 1000, 1000, 1000, 1000, 1000, 1000, 1000, 1000, 1000, 1000, 1000, 1000, 1000, 1000, 1000, 1000, 1000, 1000, 1000, 1000, 1000, 1000, 1000, 1000, 1000, 1000, 1000, 1000, 1000, 1000, 1000, 1000, 1000, 1000, 1000, 1000, 1000, 1000, 1000, 1000, 1000, 1000, 1000, 1000, 1000]}