{"return": [-32.098765432099555, -113.56043165467695, -121.96275071633293, -92.41374045801618, -124.73505154639248, 3.3057851239674556, -46.089763779525704, -23.357664233577456, -30.15873015873093, -86.14210526315864, -22.297297297298062, -71.89240506329097, -100.18113207547245, -88.76148409894076, -89.41879194630951, -33.54430379746915, -23.875432525952352, -20.00000000000075, -105.30583657587621, -54.82087912087727, -10.112359550562696, -32.30769230769308, -39.04074074073636, -119.2025889967644, -92.4306990881465, -21.708185053381552, -86.05753424657605, -85.66357615894107, -10.44776119403073, -18.21561338290017, -18.51851851851932, -87.76653386454282, -80.700653594772, -89.51111111111189, -15.057915057915636, -18.518518518518878, -97.47849462365657, -25.42372881356013, -107.98282208589008, -107.67543252595226, -24.471299093656345, -29.012345679013162, -4.000000000000075, -19.580419580420287, -15.492957746479497, -96.29323308270743, -86.42977099236559, -81.73876221498439, -121.97006802721162, -20.577617328520592], "max-time-step": [1000, 892, 851, 803, 970, 1000, 643, 1000, 1000, 619, 1000, 606, 833, 666, 667, 1000, 1000, 1000, 949, 758, 1000, 1000, 984, 905, 594, 1000, 615, 553, 1000, 1000, 1000, 795, 625, 660, 1000, 1000, 836, 1000, 725, 839, 1000, 1000, 1000, 1000, 1000, 791, 934, 535, 969, 1000]}