{"initial_reset_timestamp": 1665249256.2741153, "timestamps": [1665249388.0032308], "episode_lengths": [1000], "episode_rewards": [-80.54474708171159], "episode_types": ["t"]}