{"initial_reset_timestamp": 1665252109.588073, "timestamps": [1665252226.6628082], "episode_lengths": [1000], "episode_rewards": [-79.93311036789244], "episode_types": ["t"]}