{"initial_reset_timestamp": 1665163006.9442961, "timestamps": [1665163097.3711298], "episode_lengths": [1000], "episode_rewards": [-82.57839721254324], "episode_types": ["t"]}