{"initial_reset_timestamp": 1665079530.4342186, "timestamps": [1665079536.295188], "episode_lengths": [80], "episode_rewards": [80.0], "episode_types": ["t"]}