{"initial_reset_timestamp": 1665234290.0106041, "timestamps": [1665234413.597599], "episode_lengths": [1000], "episode_rewards": [-79.86577181208018], "episode_types": ["t"]}