{"initial_reset_timestamp": 1665188826.3860435, "timestamps": [1665188934.09089], "episode_lengths": [1000], "episode_rewards": [-69.59459459459487], "episode_types": ["t"]}