{"initial_reset_timestamp": 1665165359.3057935, "timestamps": [1665165439.4264817], "episode_lengths": [1000], "episode_rewards": [-63.525835866262206], "episode_types": ["t"]}