{"initial_reset_timestamp": 1665084955.7643328, "timestamps": [1665084956.567053], "episode_lengths": [10], "episode_rewards": [10.0], "episode_types": ["t"]}