{"return": [-62.71186440678045, -65.87030716723619, -67.42671009772043, -61.68582375478996, -62.45733788395981, -59.85401459854078, -67.03296703296758, -62.962962962963786, -68.19787985865771, -61.5384615384622, -64.51612903225876, -59.18367346938846, -57.031250000000675, -67.50902527075856, -66.55518394648885, -58.333333333334, -68.55345911949732, -64.91228070175502, -65.62500000000065, -67.9487179487185, -65.94427244582106, -61.538461538462336, -62.12121212121275, -65.9863945578238, -68.55345911949735, -66.44295302013484, -70.87378640776726, -59.85401459854095, -70.23809523809561, -62.19931271477737, -62.71186440678038, -67.35905044510447, -63.768115942029745, -68.84735202492256, -64.66431095406432, -67.63754045307492, -55.55555555555635, -59.25925925925991, -60.655737704918856, -54.54545454545523, -64.66431095406432, -63.45514950166194, -62.32876712328849, -69.04024767801903, -66.16541353383504, -53.38983050847509, -57.36434108527202, -64.96815286624282, -61.68582375478993, -62.82527881040948], "max-time-step": [1000, 1000, 1000, 1000, 1000, 1000, 1000, 1000, 1000, 1000, 1000, 1000, 1000, 1000, 1000, 1000, 1000, 1000, 1000, 1000, 1000, 1000, 1000, 1000, 1000, 1000, 1000, 1000, 1000, 1000, 1000, 1000, 1000, 1000, 1000, 1000, 1000, 1000, 1000, 1000, 1000, 1000, 1000, 1000, 1000, 1000, 1000, 1000, 1000, 1000]}