{"return": [-77.43333333333354, -76.44395604395626, -79.88343949044604, -84.56288659793843, -92.0172413793105, -92.63950617283953, -83.71457725947539, -95.14661654135364, -84.51281138790057, -79.1000000000002, -74.82173913043496, -103.59702970297037, -90.39090909090915, -79.44436860068282, -85.06666666666683, -95.44111498257851, -79.94436860068281, -93.80317460317461, -81.41070234113731, -78.05945945945965, -98.74565916398726, -76.18924731182817, -104.32500000000014, -75.1775086505192, -80.10606060606081, -77.14647887323963, -82.85514950166132, -79.0069597069599, -68.51951219512213, -79.93896103896122, -81.98571428571447, -81.69290780141867, -79.62173913043503, -75.44285714285732, -82.07615894039753, -81.35733788395925, -93.41463414634165, -75.39255663430443, -101.05286624203832, -81.41463414634163, -83.11955719557227, -87.10245231607641, -93.08510638297885, -82.60350877193002, -74.88924731182814, -73.0859649122809, -92.2357388316153, -78.61479099678473, -77.73125000000022, -83.71578947368441], "max-time-step": [192, 205, 182, 259, 266, 199, 188, 366, 202, 192, 184, 334, 189, 205, 185, 269, 210, 193, 183, 187, 310, 193, 388, 168, 196, 195, 195, 194, 174, 190, 178, 208, 232, 184, 186, 190, 301, 208, 330, 181, 275, 199, 251, 213, 180, 188, 267, 173, 208, 200]}