{"return": [-76.401179941003, -77.12418300653573, -72.33201581027691, -77.77777777777771, -68.19787985865781, -77.77777777777771, -77.01149425287353, -79.66101694915227, -80.83067092651709, -80.58252427184422, -76.47058823529413, -70.0374531835209, -80.39215686274463, -76.02739726027401, -80.9523809523806, -77.49196141479048, -81.70731707317026, -76.7441860465116, -80.19801980197998, -79.09407665505212, -73.9776951672862, -79.59183673469346, -67.97153024911039, -77.19869706840352, -75.52447552447555, -77.12418300653573, -78.57142857142846, -79.59183673469359, -78.3393501805053, -73.3840304182512, -73.06397306397328, -72.02797202797238, -76.43097643097624, -72.31833910034588, -81.24999999999962, -81.08108108108087, -75.52447552447539, -80.70739549839193, -73.78277153558044, -77.98742138364753, -78.41726618705007, -81.8181818181814, -81.92771084337295, -75.52447552447538, -79.3814432989689, -77.94117647058792, -76.43097643097649, -72.76264591439717, -80.26315789473662, -73.58490566037759], "max-time-step": [1000, 1000, 1000, 1000, 1000, 1000, 1000, 1000, 1000, 1000, 1000, 1000, 1000, 1000, 1000, 1000, 1000, 1000, 1000, 1000, 1000, 1000, 1000, 1000, 1000, 1000, 1000, 1000, 1000, 1000, 1000, 1000, 1000, 1000, 1000, 1000, 1000, 1000, 1000, 1000, 1000, 1000, 1000, 1000, 1000, 1000, 1000, 1000, 1000, 1000]}