{"return": [-80.26315789473665, -79.99999999999983, -80.19801980198007, -79.72972972972937, -78.94736842105232, -79.79797979797944, -81.36645962732875, -78.6476868327399, -81.13207547169769, -76.65369649805456, -80.13245033112545, -80.76923076923036, -79.6610169491524, -79.93311036789261, -85.42274052478085, -79.6610169491522, -84.07643312101868, -81.19122257053247, -81.30841121495283, -79.86577181208017, -79.66101694915235, -84.326018808777, -81.48148148148104, -77.5280898876402, -81.01265822784768, -79.2387543252592, -77.6119402985072, -80.45602605863152, -74.7292418772563, -79.52218430034094, -75.80645161290336, -78.49462365591368, -79.75708502024277, -77.44360902255636, -78.64768683273991, -80.13245033112545, -80.70739549839188, -83.76623376623336, -80.13245033112544, -79.99999999999974, -77.94117647058798, -84.0764331210187, -79.86577181208017, -79.23875432525918, -78.8732394366194, -79.45205479452031, -84.0764331210187, -78.10218978102166, -78.1818181818179, -80.13245033112544], "max-time-step": [1000, 1000, 1000, 1000, 1000, 1000, 1000, 1000, 1000, 1000, 1000, 1000, 1000, 1000, 1000, 1000, 1000, 1000, 1000, 1000, 1000, 1000, 1000, 1000, 1000, 1000, 1000, 1000, 1000, 1000, 1000, 1000, 1000, 1000, 1000, 1000, 1000, 1000, 1000, 1000, 1000, 1000, 1000, 1000, 1000, 1000, 1000, 1000, 1000, 1000]}