{"return": [-72.88135593220348, -70.80291970802942, -62.068965517241956, -64.78873239436675, -71.33757961783459, -60.000000000000526, -69.04024767801899, -61.93771626297631, -71.96261682243006, -64.78873239436673, -61.93771626297633, -60.937500000000554, -67.53246753246792, -62.585034013605984, -60.000000000000554, -65.51724137931086, -68.35443037974717, -74.2857142857143, -61.538461538462094, -69.59459459459487, -73.48484848484854, -68.1978798586576, -61.538461538462094, -72.7891156462586, -68.96551724137962, -69.59459459459487, -72.97297297297305, -68.2539682539686, -76.33136094674548, -75.97597597597591, -75.30864197530862, -70.2380952380956, -75.07788161993768, -59.85401459854067, -69.81132075471724, -67.74193548387133, -69.60486322188476, -71.96261682243004, -61.26760563380335, -65.75342465753474, -66.21621621621668, -70.14925373134355, -69.3877551020411, -69.38775510204111, -70.779220779221, -72.6962457337885, -68.53146853146885, -63.08724832214827, -67.5324675324679, -64.28571428571487], "max-time-step": [1000, 1000, 1000, 1000, 1000, 1000, 1000, 1000, 1000, 1000, 1000, 1000, 1000, 1000, 1000, 1000, 1000, 1000, 1000, 1000, 1000, 1000, 1000, 1000, 1000, 1000, 1000, 1000, 1000, 1000, 1000, 1000, 1000, 1000, 1000, 1000, 1000, 1000, 1000, 1000, 1000, 1000, 1000, 1000, 1000, 1000, 1000, 1000, 1000, 1000]}