{"return": [-53.73665480427097, -49.80694980695016, -58.49056603773636, -46.04316546762642, -53.405017921147355, -58.9442815249274, -59.73154362416161, -54.682779456193906, -61.76470588235355, -47.55244755244787, -54.39739413680823, -53.33333333333372, -61.764705882353574, -53.94736842105313, -47.88273615635228, -51.55709342560598, -56.20437956204429, -53.90070921985862, -51.55709342560595, -55.41401273885405, -55.479452054794976, -50.177935943060966, -52.05479452054836, -50.38167938931332, -51.85185185185224, -52.2058823529416, -46.80851063829832, -49.6402877697846, -51.21951219512236, -61.30952380952439, -61.904761904762466, -48.148148148148564, -51.61290322580685, -49.8207885304663, -53.177257525084144, -42.52873563218429, -60.91205211726437, -57.1865443425083, -56.52173913043524, -50.16611295681117, -49.15254237288183, -57.23684210526363, -57.65472312703637, -54.22535211267648, -53.795379537954354, -42.74809160305396, -55.223880597015395, -57.792207792208345, -44.66403162055361, -53.94736842105319], "max-time-step": [1000, 1000, 1000, 1000, 1000, 1000, 1000, 1000, 1000, 1000, 1000, 1000, 1000, 1000, 1000, 1000, 1000, 1000, 1000, 1000, 1000, 1000, 1000, 1000, 1000, 1000, 1000, 1000, 1000, 1000, 1000, 1000, 1000, 1000, 1000, 1000, 1000, 1000, 1000, 1000, 1000, 1000, 1000, 1000, 1000, 1000, 1000, 1000, 1000, 1000]}