{"return": [-82.51748251748205, -81.01265822784778, -79.99999999999967, -78.05642633228814, -77.1863117870721, -84.80243161094167, -87.34177215189801, -84.89425981873053, -87.05501618122908, -82.51748251748205, -85.66308243727536, -81.88405797101407, -82.93515358361726, -84.939759036144, -84.75609756097505, -81.75182481751783, -85.29411764705821, -86.53198653198586, -87.42138364779802, -86.62207357859464, -83.16498316498267, -83.38870431893638, -84.52012383900856, -85.07462686567105, -79.38144329896885, -81.68498168498128, -81.88405797101407, -82.39436619718265, -80.91603053435077, -79.9426934097419, -83.16498316498267, -86.44067796610103, -87.09677419354769, -82.45614035087674, -86.79867986798611, -84.555984555984, -85.55956678700299, -67.21311475409877, -82.81786941580708, -87.46081504702123, -83.71335504885941, -81.94945848375414, -82.87671232876664, -82.33215547703135, -83.76623376623324, -86.44067796610103, -83.8056680161938, -74.82014388489223, -82.33215547703135, -85.13011152416297], "max-time-step": [1000, 1000, 1000, 1000, 1000, 1000, 1000, 1000, 1000, 1000, 1000, 1000, 1000, 1000, 1000, 1000, 1000, 1000, 1000, 1000, 1000, 1000, 1000, 1000, 1000, 1000, 1000, 1000, 1000, 1000, 1000, 1000, 1000, 1000, 1000, 1000, 1000, 1000, 1000, 1000, 1000, 1000, 1000, 1000, 1000, 1000, 1000, 1000, 1000, 1000]}