{"return": [-64.85623003194969, -60.91205211726468, -48.453608247423375, -65.07936507936594, -68.75000000000055, -65.0349650349659, -64.16938110749248, -62.457337883959916, -69.60486322188484, -68.75000000000038, -47.56554307116188, -63.6363636363645, -64.74358974359046, -56.67870036101163, -57.37704918032864, -57.692307692308425, -52.0766773162948, -46.99646643109633, -47.735191637631374, -58.620689655173216, -56.790123456791, -49.275362318841374, -33.085501858736464, -49.49494949495024, -53.405017921147675, -57.44680851063917, -66.21621621621694, -59.40959409594173, -56.20437956204463, -64.51612903225893, -64.28571428571519, -59.731543624161965, -61.403508771930646, -47.565543071161784, -47.565543071161464, -56.953642384106764, -47.852760736197126, -55.056179775281635, -56.37583892617528, -55.55555555555641, -47.76119402985146, -54.22535211267684, -59.04436860068345, -62.50000000000075, -66.77740863787446, -63.89891696750983, -58.19935691318417, -52.55474452554825, -44.44444444444515, -66.66666666666718], "max-time-step": [1000, 1000, 1000, 1000, 1000, 1000, 1000, 1000, 1000, 1000, 1000, 1000, 1000, 1000, 1000, 1000, 1000, 1000, 1000, 1000, 1000, 1000, 1000, 1000, 1000, 1000, 1000, 1000, 1000, 1000, 1000, 1000, 1000, 1000, 1000, 1000, 1000, 1000, 1000, 1000, 1000, 1000, 1000, 1000, 1000, 1000, 1000, 1000, 1000, 1000]}