{"initial_reset_timestamp": 1665155412.3756127, "timestamps": [1665155526.7889965], "episode_lengths": [1000], "episode_rewards": [-84.17721518987288], "episode_types": ["t"]}