{"initial_reset_timestamp": 1665239810.5373914, "timestamps": [1665239943.1063814], "episode_lengths": [1000], "episode_rewards": [-28.853754940712236], "episode_types": ["t"]}