{"initial_reset_timestamp": 1665181152.8711033, "timestamps": [1665181267.9959345], "episode_lengths": [1000], "episode_rewards": [-73.15436241610743], "episode_types": ["t"]}