{"initial_reset_timestamp": 1665236981.6268303, "timestamps": [1665237081.143776], "episode_lengths": [1000], "episode_rewards": [-73.52941176470601], "episode_types": ["t"]}