{"initial_reset_timestamp": 1665078425.077587, "timestamps": [1665078426.638417], "episode_lengths": [22], "episode_rewards": [22.0], "episode_types": ["t"]}