{"initial_reset_timestamp": 1665183302.2574456, "timestamps": [1665183406.6144269], "episode_lengths": [1000], "episode_rewards": [-53.73665480427097], "episode_types": ["t"]}