{"initial_reset_timestamp": 1665184309.4547439, "timestamps": [1665184437.0275476], "episode_lengths": [1000], "episode_rewards": [-79.2387543252592], "episode_types": ["t"]}