{"initial_reset_timestamp": 1665226850.4544897, "timestamps": [1665226983.520804], "episode_lengths": [1000], "episode_rewards": [-79.33884297520635], "episode_types": ["t"]}