{"initial_reset_timestamp": 1665243910.000521, "timestamps": [1665244051.571048], "episode_lengths": [1000], "episode_rewards": [-89.86486486486407], "episode_types": ["t"]}