{"initial_reset_timestamp": 1665155727.2771666, "timestamps": [1665155760.5696151], "episode_lengths": [192], "episode_rewards": [-77.43333333333354], "episode_types": ["t"]}