{"initial_reset_timestamp": 1665226444.3942504, "timestamps": [1665226567.0468388], "episode_lengths": [1000], "episode_rewards": [-77.94117647058803], "episode_types": ["t"]}