{"initial_reset_timestamp": 1665157560.056367, "timestamps": [1665157668.1563199], "episode_lengths": [1000], "episode_rewards": [-79.79797979797961], "episode_types": ["t"]}