{"initial_reset_timestamp": 1665162907.9851632, "timestamps": [1665163006.1380298], "episode_lengths": [1000], "episode_rewards": [-20.577617328520592], "episode_types": ["t"]}