{"initial_reset_timestamp": 1665187173.8216574, "timestamps": [1665187263.1115856], "episode_lengths": [1000], "episode_rewards": [-62.71186440678045], "episode_types": ["t"]}