{"initial_reset_timestamp": 1665231192.9693177, "timestamps": [1665231313.3602784], "episode_lengths": [1000], "episode_rewards": [-44.26229508196763], "episode_types": ["t"]}