{"initial_reset_timestamp": 1665247654.9778707, "timestamps": [1665247770.9051962], "episode_lengths": [1000], "episode_rewards": [-78.5714285714285], "episode_types": ["t"]}