{"initial_reset_timestamp": 1665233495.150856, "timestamps": [1665233592.9129102], "episode_lengths": [1000], "episode_rewards": [-71.73144876325102], "episode_types": ["t"]}