{"initial_reset_timestamp": 1665178903.450007, "timestamps": [1665179049.5165255], "episode_lengths": [1000], "episode_rewards": [-62.8252788104095], "episode_types": ["t"]}