{"initial_reset_timestamp": 1665156221.560191, "timestamps": [1665156242.9313893], "episode_lengths": [195], "episode_rewards": [-77.14647887323963], "episode_types": ["t"]}