{"initial_reset_timestamp": 1665161331.8830693, "timestamps": [1665161430.4728036], "episode_lengths": [1000], "episode_rewards": [-21.708185053381552], "episode_types": ["t"]}