{"initial_reset_timestamp": 1665254094.5143187, "timestamps": [1665254218.2414734], "episode_lengths": [1000], "episode_rewards": [-79.66101694915227], "episode_types": ["t"]}