{"initial_reset_timestamp": 1665229411.326877, "timestamps": [1665229545.8738248], "episode_lengths": [1000], "episode_rewards": [-83.27759197324373], "episode_types": ["t"]}