{"initial_reset_timestamp": 1665251786.2389417, "timestamps": [1665251914.2584336], "episode_lengths": [1000], "episode_rewards": [-82.08955223880561], "episode_types": ["t"]}